Workbook

Sheet Jan
A1: HALLMARK AVIATION SERVICES
A2: DAILY FLIGHT ACTIVITY REPORT
A3: email WEEKLY to: us.billing@hallmark-aviation.com
A4: ACCOUNT: | C4: LAXMU9834 | G4: Month | I4: 46023 | N4: FLT CT/WK
A5: DATE | B5: DAY | C5: FLT# | D5: A/C TYPE | E5: STA | F5: ATA | G5: STD | H5: ATD | I5: Airborne | J5: Delay Time / Code / Reason | K5: PAX CNT | L5: # flights | M5: HAS Delay
A6: 1 | B6: THUR | N6: =SUM(L6:L25)
A11: 2 | B11: FRI
A16: 3 | B16: SAT
A21: 4 | B21: SUN
A26: 5 | B26: MON | N26: =SUM(L26:L60)
A31: 6 | B31: TUE
A36: 7 | B36: WED
A41: 8 | B41: THUR
A46: 9 | B46: FRI
A51: 10 | B51: SAT
A56: 11 | B56: SUN
A61: 12 | B61: MON | N61: =SUM(L61:L95)
A66: 13 | B66: TUE
A71: 14 | B71: WED
A76: 15 | B76: THUR
A81: 16 | B81: FRI
A86: 17 | B86: SAT
A91: 18 | B91: SUN
A96: 19 | B96: MON | N96: =SUM(L96:L130)
A101: 20 | B101: TUE
A106: 21 | B106: WED
A111: 22 | B111: THUR
A116: 23 | B116: FRI
A121: 24 | B121: SAT
A126: 25 | B126: SUN
A131: 26 | B131: MON | N131: =SUM(L131:L160)
A136: 27 | B136: TUE
A141: 28 | B141: WED
A146: 29 | B146: THUR
A151: 30 | B151: FRI
A156: 31 | B156: SAT
L161: # Flights | M161: HAS Delays
L162: =SUM(L6:L160) | M162: =SUM(M6:M160) | N162: =SUM(N6:N160)
K163: OTP | L163: =L162-M162 | M163: =L163/L162

Sheet Feb
A1: HALLMARK AVIATION SERVICES
A2: DAILY FLIGHT ACTIVITY REPORT
A3: email WEEKLY to: us.billing@hallmark-aviation.com
A4: ACCOUNT: | C4: LAXMU9834 | G4: Month | I4: 46054 | N4: FLT CT/WK
A5: DATE | B5: DAY | C5: FLT# | D5: A/C TYPE | E5: STA | F5: ATA | G5: STD | H5: ATD | I5: Airborne | J5: Delay Time / Code / Reason | K5: PAX CNT | L5: # flights | M5: HAS Delay
A6: 1 | B6: SUN | N6: =SUM(L6:L10)
A11: 2 | B11: MON | N11: =SUM(L11:L45)
A16: 3 | B16: TUE
A21: 4 | B21: WED
A26: 5 | B26: THUR
A31: 6 | B31: FRI
A36: 7 | B36: SAT
A41: 8 | B41: SUN
A46: 9 | B46: MON | N46: =SUM(L46:L80)
A51: 10 | B51: TUE
A56: 11 | B56: WED
A61: 12 | B61: THUR
A66: 13 | B66: FRI
A71: 14 | B71: SAT
A76: 15 | B76: SUN
A81: 16 | B81: MON | N81: =SUM(L81:L115)
A86: 17 | B86: TUE
A91: 18 | B91: WED
A96: 19 | B96: THUR
A101: 20 | B101: FRI
A106: 21 | B106: SAT
A111: 22 | B111: SUN
A116: 23 | B116: MON | N116: =SUM(L116:L145)
A121: 24 | B121: TUE
A126: 25 | B126: WED
A131: 26 | B131: THUR
A136: 27 | B136: FRI
A141: 28 | B141: SAT
L146: # Flights | M146: HAS Delays
L147: =SUM(L6:L145) | M147: =SUM(M6:M145) | N147: =SUM(N6:N145)
K148: OTP | L148: =L147-M147 | M148: =L148/L147

Sheet Mar
A1: HALLMARK AVIATION SERVICES
A2: DAILY FLIGHT ACTIVITY REPORT
A3: email WEEKLY to: us.billing@hallmark-aviation.com
A4: ACCOUNT: | C4: LAXMU9834 | G4: Month | I4: 46082 | N4: FLT CT/WK
A5: DATE | B5: DAY | C5: FLT# | D5: A/C TYPE | E5: STA | F5: ATA | G5: STD | H5: ATD | I5: Airborne | J5: Delay Time / Code / Reason | K5: PAX CNT | L5: # flights | M5: HAS Delay
A6: 1 | B6: SUN | N6: =SUM(L6:L10)
A11: 2 | B11: MON | N11: =SUM(L11:L45)
A16: 3 | B16: TUE
A21: 4 | B21: WED
A26: 5 | B26: THUR
A31: 6 | B31: FRI
A36: 7 | B36: SAT
A41: 8 | B41: SUN
A46: 9 | B46: MON | N46: =SUM(L46:L81)
A52: 10 | B52: TUE
A57: 11 | B57: WED
A62: 12 | B62: THUR
A67: 13 | B67: FRI
A72: 14 | B72: SAT
A77: 15 | B77: SUN
A82: 16 | B82: MON | N82: =SUM(L82:L116)
A87: 17 | B87: TUE
A92: 18 | B92: WED
A97: 19 | B97: THUR
A102: 20 | B102: FRI
A107: 21 | B107: SAT
A112: 22 | B112: SUN
A117: 23 | B117: MON | N117: =SUM(L117:L151)
A122: 24 | B122: TUE
A127: 25 | B127: WED
A132: 26 | B132: THUR
A137: 27 | B137: FRI
A142: 28 | B142: SAT
A147: 29 | B147: SUN
A152: 30 | B152: MON | N152: =SUM(L152:L161)
A157: 31 | B157: TUE
L162: # Flights | M162: HAS Delays
L163: =SUM(L6:L161) | M163: =SUM(M6:M161) | N163: =SUM(N6:N161)
K164: OTP | L164: =L163-M163 | M164: =L164/L163

Sheet Apr
A1: HALLMARK AVIATION SERVICES
A2: DAILY FLIGHT ACTIVITY REPORT
A3: email WEEKLY to: us.billing@hallmark-aviation.com
A4: ACCOUNT: | C4: LAXMU9834 | G4: Month | I4: 46113 | N4: FLT CT/WK
A5: DATE | B5: DAY | C5: FLT# | D5: A/C TYPE | E5: STA | F5: ATA | G5: STD | H5: ATD | I5: Airborne | J5: Delay Time / Code / Reason | K5: PAX CNT | L5: # flights | M5: HAS Delay
A6: 1 | B6: WED | N6: =SUM(L6:L30)
A11: 2 | B11: THUR
A16: 3 | B16: FRI
A21: 4 | B21: SAT
A26: 5 | B26: SUN
A31: 6 | B31: MON | N31: =SUM(L31:L65)
A36: 7 | B36: TUE
A41: 8 | B41: WED
A46: 9 | B46: THUR
A51: 10 | B51: FRI
A56: 11 | B56: SAT
A61: 12 | B61: SUN
A66: 13 | B66: MON | N66: =SUM(L66:L100)
A71: 14 | B71: TUE
A76: 15 | B76: WED
A81: 16 | B81: THUR
A86: 17 | B86: FRI
A91: 18 | B91: SAT
A96: 19 | B96: SUN
A101: 20 | B101: MON | N101: =SUM(L101:L135)
A106: 21 | B106: TUE
A111: 22 | B111: WED
A116: 23 | B116: THUR
A121: 24 | B121: FRI
A126: 25 | B126: SAT
A131: 26 | B131: SUN
A136: 27 | B136: MON | N136: =SUM(L136:L155)
A141: 28 | B141: TUE
A146: 29 | B146: WED
A151: 30 | B151: THUR
L156: # Flights | M156: HAS Delays
L157: =SUM(L6:L155) | M157: =SUM(M6:M155) | N157: =SUM(N6:N155)
K158: OTP | L158: =L157-M157 | M158: =L158/L157

Sheet May
A1: HALLMARK AVIATION SERVICES
A2: DAILY FLIGHT ACTIVITY REPORT
A3: email WEEKLY to: us.billing@hallmark-aviation.com
A4: ACCOUNT: | C4: LAXMU9834 | G4: Month | I4: 46143 | N4: FLT CT/WK
A5: DATE | B5: DAY | C5: FLT# | D5: A/C TYPE | E5: STA | F5: ATA | G5: STD | H5: ATD | I5: Airbone | J5: Delay Time / Code / Reason | K5: PAX CNT | L5: # flights | M5: HAS Delay
A6: 1 | B6: FRI | N6: =SUM(L6:L20)
A11: 2 | B11: SAT
A16: 3 | B16: SUN
A21: 4 | B21: MON | N21: =SUM(L21:L55)
A26: 5 | B26: TUE
A31: 6 | B31: WED
A36: 7 | B36: THUR
A41: 8 | B41: FRI
A46: 9 | B46: SAT
A51: 10 | B51: SUN
A56: 11 | B56: MON | N56: =SUM(L56:L90)
A61: 12 | B61: TUE
A66: 13 | B66: WED
A71: 14 | B71: THUR
A76: 15 | B76: FRI
A81: 16 | B81: SAT
A86: 17 | B86: SUN
A91: 18 | B91: MON | N91: =SUM(L91:L125)
A96: 19 | B96: TUE
A101: 20 | B101: WED
A106: 21 | B106: THUR
A111: 22 | B111: FRI
A116: 23 | B116: SAT
A121: 24 | B121: SUN
A126: 25 | B126: MON | N126: =SUM(L126:L160)
A131: 26 | B131: TUE
A136: 27 | B136: WED
A141: 28 | B141: THUR
A146: 29 | B146: FRI
A151: 30 | B151: SAT
A156: 31 | B156: SUN
L161: # Flights | M161: HAS Delays
L162: =SUM(L6:L160) | M162: =SUM(M6:M160) | N162: =SUM(N6:N160)
K163: OTP | L163: =L162-M162 | M163: =L163/L162

Sheet Jun
A1: HALLMARK AVIATION SERVICES
A2: DAILY FLIGHT ACTIVITY REPORT
A3: email WEEKLY to: us.billing@hallmark-aviation.com
A4: ACCOUNT: | C4: LAXMU | G4: Month | I4: 46174 | N4: FLT CT/WK
A5: DATE | B5: DAY | C5: FLT# | D5: A/C TYPE | E5: STA | F5: ATA | G5: STD | H5: ATD | I5: Airborne | J5: Delay Time / Code / Reason | K5: PAX CNT | L5: # flights | M5: HAS Delay
A6: 1 | B6: MON | N6: =SUM(L6:L40)
A11: 2 | B11: TUE
A16: 3 | B16: WED
A21: 4 | B21: THUR
A26: 5 | B26: FRI
A31: 6 | B31: SAT
A36: 7 | B36: SUN
A41: 8 | B41: MON | N41: =SUM(L41:L75)
A46: 9 | B46: TUE
A51: 10 | B51: WED
A56: 11 | B56: THUR
A61: 12 | B61: FRI
A66: 13 | B66: SAT
A71: 14 | B71: SUN
A76: 15 | B76: MON | N76: =SUM(L76:L110)
A81: 16 | B81: TUE
A86: 17 | B86: WED
A91: 18 | B91: THU
A96: 19 | B96: FRI
A101: 20 | B101: SAT
A106: 21 | B106: SUN
A111: 22 | B111: MON | N111: =SUM(L111:L145)
A116: 23 | B116: TUE
A121: 24 | B121: WED
A126: 25 | B126: THU
A131: 26 | B131: FRI
A136: 27 | B136: SAT
A141: 28 | B141: SUN
A146: 29 | B146: MON | N146: =SUM(L146:L155)
A151: 30 | B151: TUE
L156: # Flights | M156: HAS Delays
L157: =SUM(L6:L155) | M157: =SUM(M6:M155) | N157: =SUM(N6:N155)
K158: OTP | L158: =L157-M157 | M158: =L158/L157

Sheet Jul
A1: HALLMARK AVIATION SERVICES
A2: DAILY FLIGHT ACTIVITY REPORT
A3: email WEEKLY to: us.billing@hallmark-aviation.com
A4: ACCOUNT: | C4: 227HLAXP34 | G4: Month | I4: 46204 | N4: FLT CT/WK
A5: DATE | B5: DAY | C5: FLT# | D5: A/C TYPE | E5: STA | F5: ATA | G5: STD | H5: ATD | I5: Airborne | J5: Delay Time / Code / Reason | K5: PAX CNT | L5: # flights | M5: HAS Delay
A6: 1 | B6: WED | N6: =SUM(L6:L30)
A11: 2 | B11: THUR
A16: 3 | B16: FRI
A21: 4 | B21: SAT
A26: 5 | B26: SUN
A31: 6 | B31: MON | N31: =SUM(L31:L65)
A36: 7 | B36: TUE
A41: 8 | B41: WED
A46: 9 | B46: THUR
A51: 10 | B51: FRI
A56: 11 | B56: SAT
A61: 12 | B61: SUN
A66: 13 | B66: MON | N66: =SUM(L66:L100)
A71: 14 | B71: TUE
A76: 15 | B76: WED
A81: 16 | B81: THUR
A86: 17 | B86: FRI
A91: 18 | B91: SAT
A96: 19 | B96: SUN
A101: 20 | B101: MON | N101: =SUM(L101:L135)
A106: 21 | B106: TUE
A111: 22 | B111: WED
A116: 23 | B116: THUR
A121: 24 | B121: FRI
A126: 25 | B126: SAT
A131: 26 | B131: SUN
A136: 27 | B136: MON | N136: =SUM(L136:L160)
A141: 28 | B141: TUE
A146: 29 | B146: WED
A151: 30 | B151: THUR
A156: 31 | B156: FRI
L161: # Flights | M161: HAS Delays
L162: =SUM(L6:L160) | M162: =SUM(M6:M160) | N162: =SUM(N6:N160)
K163: OTP | L163: =L162-M162 | M163: =L163/L162

Sheet Aug
A1: HALLMARK AVIATION SERVICES
A2: DAILY FLIGHT ACTIVITY REPORT
A3: email WEEKLY to: us.billing@hallmark-aviation.com
A4: ACCOUNT: | C4: 227HLAXP34-MU | G4: Month | I4: 46235 | N4: FLT CT/WK
A5: DATE | B5: DAY | C5: FLT# | D5: A/C TYPE | E5: STA | F5: ATA | G5: STD | H5: ATD | I5: Airborne | J5: Delay Time / Code / Reason | K5: PAX CNT | L5: # flights | M5: HAS Delay
A6: 1 | B6: SAT | N6: =SUM(L6:L15)
A11: 2 | B11: SUN
A16: 3 | B16: MON | N16: =SUM(L16:L50)
A21: 4 | B21: TUE
A26: 5 | B26: WED
A31: 6 | B31: THUR
A36: 7 | B36: FRI
A41: 8 | B41: SAT
A46: 9 | B46: SUN
A51: 10 | B51: MON | N51: =SUM(L51:L85)
A56: 11 | B56: TUE
A61: 12 | B61: WED
A66: 13 | B66: THUR
A71: 14 | B71: FRI
A76: 15 | B76: SAT
A81: 16 | B81: SUN
A86: 17 | B86: MON | N86: =SUM(L86:L120)
A91: 18 | B91: TUE
A96: 19 | B96: WED
A101: 20 | B101: THUR
A106: 21 | B106: FRI
A111: 22 | B111: SAT
A116: 23 | B116: SUN
A121: 24 | B121: MON | N121: =SUM(L121:L155)
A126: 25 | B126: TUE
A131: 26 | B131: WED
A136: 27 | B136: THUR
A141: 28 | B141: FRI
A146: 29 | B146: SAT
A151: 30 | B151: SUN
A156: 31 | B156: MON | N156: =SUM(L156:L160)
L161: # Flights | M161: HAS Delays
L162: =SUM(L6:L160) | M162: =SUM(M6:M160) | N162: =SUM(N6:N160)
K163: OTP | L163: =L162-M162 | M163: =L163/L162

Sheet Sep
A1: HALLMARK AVIATION SERVICES
A2: DAILY FLIGHT ACTIVITY REPORT
A3: email WEEKLY to: us.billing@hallmark-aviation.com
A4: ACCOUNT: | C4: 227HLAXP34-MU | G4: Month | I4: 46266 | N4: FLT CT/WK
A5: DATE | B5: DAY | C5: FLT# | D5: A/C TYPE | E5: STA | F5: ATA | G5: STD | H5: ATD | I5: Airborne | J5: Delay Time / Code / Reason | K5: PAX CNT | L5: # flights | M5: HAS Delay
A6: 1 | B6: TUE | N6: =SUM(L6:L35)
A11: 2 | B11: WED
A16: 3 | B16: THUR
A21: 4 | B21: FRI
A26: 5 | B26: SAT
A31: 6 | B31: SUN
A36: 7 | B36: MON | N36: =SUM(L36:L70)
A41: 8 | B41: TUE
A46: 9 | B46: WED
A51: 10 | B51: THUR
A56: 11 | B56: FRI
A61: 12 | B61: SAT
A66: 13 | B66: SUN
A71: 14 | B71: MON | N71: =SUM(L71:L105)
A76: 15 | B76: TUE
A81: 16 | B81: WED
A86: 17 | B86: THUR
A91: 18 | B91: FRI
A96: 19 | B96: SAT
A101: 20 | B101: SUN
A106: 21 | B106: MON | N106: =SUM(L106:L140)
A111: 22 | B111: TUE
A116: 23 | B116: WED
A121: 24 | B121: THUR
A126: 25 | B126: FRI
A131: 26 | B131: SAT
A136: 27 | B136: SUN
A141: 28 | B141: MON | N141: =SUM(L141:L155)
A146: 29 | B146: TUE
A151: 30 | B151: WED
L156: # Flights | M156: HAS Delays
L157: =SUM(L6:L155) | M157: =SUM(M6:M155) | N157: =SUM(N6:N155)
K158: OTP | L158: =L157-M157 | M158: =L158/L157

Sheet Oct
A1: HALLMARK AVIATION SERVICES
A2: DAILY FLIGHT ACTIVITY REPORT
A3: email WEEKLY to: us.billing@hallmark-aviation.com
A4: ACCOUNT: | C4: 227HLAXP34-MU | G4: Month | I4: 46296 | N4: FLT CT/WK
A5: DATE | B5: DAY | C5: FLT# | D5: A/C TYPE | E5: STA | F5: ATA | G5: STD | H5: ATD | I5: Airborne | J5: Delay Time / Code / Reason | K5: PAX CNT | L5: # flights | M5: HAS Delay
A6: 1 | B6: THUR | N6: =SUM(L6:L25)
A11: 2 | B11: FRI
A16: 3 | B16: SAT
A21: 4 | B21: SUN
A26: 5 | B26: MON | N26: =SUM(L26:L60)
A31: 6 | B31: TUE
A36: 7 | B36: WED
A41: 8 | B41: THUR
A46: 9 | B46: FRI
A51: 10 | B51: SAT
A56: 11 | B56: SUN
A61: 12 | B61: MON | N61: =SUM(L61:L95)
A66: 13 | B66: TUE
A71: 14 | B71: WED
A76: 15 | B76: THUR
A81: 16 | B81: FRI
A86: 17 | B86: SAT
A91: 18 | B91: SUN
A96: 19 | B96: MON | N96: =SUM(L96:L130)
A101: 20 | B101: TUE
A106: 21 | B106: WED
A111: 22 | B111: THUR
A116: 23 | B116: FRI
A121: 24 | B121: SAT
A126: 25 | B126: SUN
A131: 26 | B131: MON | N131: =SUM(L131:L160)
A136: 27 | B136: TUE
A141: 28 | B141: WED
A146: 29 | B146: THUR
A151: 30 | B151: FRI
A156: 31 | B156: SAT
L161: # Flights | M161: HAS Delays
L162: =SUM(L6:L160) | M162: =SUM(M6:M160) | N162: =SUM(N6:N160)
K163: OTP | L163: =L162-M162 | M163: =L163/L162

Sheet Nov
A1: HALLMARK AVIATION SERVICES
A2: DAILY FLIGHT ACTIVITY REPORT
A3: email WEEKLY to: us.billing@hallmark-aviation.com
A4: ACCOUNT: | G4: Month | I4: 46327 | N4: FLT CT/WK
A5: DATE | B5: DAY | C5: FLT# | D5: A/C TYPE | E5: STA | F5: ATA | G5: STD | H5: ATD | I5: Airborne | J5: Delay Time / Code / Reason | K5: PAX CNT | L5: # flights | M5: HAS Delay
A6: 1 | B6: SUN | N6: =SUM(L6:L10)
A11: 2 | B11: MON | N11: =SUM(L11:L45)
A16: 3 | B16: TUE
A21: 4 | B21: WED
A26: 5 | B26: THUR
A31: 6 | B31: FRI
A36: 7 | B36: SAT
A41: 8 | B41: SUN
A46: 9 | B46: MON | N46: =SUM(L46:L80)
A51: 10 | B51: TUE
A56: 11 | B56: WED
A61: 12 | B61: THUR
A66: 13 | B66: FRI
A71: 14 | B71: SAT
A76: 15 | B76: SUN
A81: 16 | B81: MON | N81: =SUM(L81:L115)
A86: 17 | B86: TUE
A91: 18 | B91: WED
A96: 19 | B96: THUR
A101: 20 | B101: FRI
A106: 21 | B106: SAT
A111: 22 | B111: SUN
A116: 23 | B116: MON | N116: =SUM(L116:L150)
A121: 24 | B121: TUE
A126: 25 | B126: WED
A131: 26 | B131: THUR
A136: 27 | B136: FRI
A141: 28 | B141: SAT
A146: 29 | B146: SUN
A151: 30 | B151: MON | N151: =SUM(L151:L155)
L156: # Flights | M156: HAS Delays
L157: =SUM(L6:L155) | M157: =SUM(M6:M155) | N157: =SUM(N6:N155)
K158: OTP | L158: =L157-M157 | M158: =L158/L157

Sheet Dec
A1: HALLMARK AVIATION SERVICES
A2: DAILY FLIGHT ACTIVITY REPORT
A3: email WEEKLY to: us.billing@hallmark-aviation.com
A4: ACCOUNT: | G4: Month | I4: 46357 | N4: FLT CT/WK
A5: DATE | B5: DAY | C5: FLT# | D5: A/C TYPE | E5: STA | F5: ATA | G5: STD | H5: ATD | I5: Airborne | J5: Delay Time / Code / Reason | K5: PAX CNT | L5: # flights | M5: HAS Delay
A6: 1 | B6: TUE | N6: =SUM(L6:L35)
A11: 2 | B11: WED
A16: 3 | B16: THUR
A21: 4 | B21: FRI
A26: 5 | B26: SAT
A31: 6 | B31: SUN
A36: 7 | B36: MON | N36: =SUM(L36:L70)
A41: 8 | B41: TUE
A46: 9 | B46: WED
A51: 10 | B51: THUR
A56: 11 | B56: FRI
A61: 12 | B61: SAT
A66: 13 | B66: SUN
A71: 14 | B71: MON | N71: =SUM(L71:L105)
A76: 15 | B76: TUE
A81: 16 | B81: WED
A86: 17 | B86: THUR
A91: 18 | B91: FRI
A96: 19 | B96: SAT
A101: 20 | B101: SUN
A106: 21 | B106: MON | N106: =SUM(L106:L140)
A111: 22 | B111: TUE
A116: 23 | B116: WED
A121: 24 | B121: THUR
A126: 25 | B126: FRI
A131: 26 | B131: SAT
A136: 27 | B136: SUN
A141: 28 | B141: MON | N141: =SUM(L141:L160)
A146: 29 | B146: TUE
A151: 30 | B151: WED
A156: 31 | B156: THUR
L161: # Flights | M161: HAS Delays
L162: =SUM(L6:L160) | M162: =SUM(M6:M160) | N162: =SUM(N6:N160)
K163: OTP | L163: =L162-M162 | M163: =L163/L162

Sheet Summary Page
A1: January | B1: =Jan!M163
A2: February | B2: =Feb!M148
A3: March | B3: =Mar!M164
A4: April | B4: =Apr!M158
A5: May | B5: =May!M163
A6: June | B6: =Jun!M158
A7: July | B7: =Jul!M163
A8: August | B8: =Aug!M163
A9: September | B9: =Sep!M158
A10: October | B10: =Oct!M163
A11: November | B11: =Nov!M158
A12: December | B12: =Dec!M163
